{"is_source_file": true, "format": "Java", "description": "This file defines a Java record 'FlightCreateRequest' which represents the payload for creating a flight, including validation and schema annotations.", "external_files": ["io.swagger.v3.oas.annotations.media.Schema", "jakarta.validation.constraints.NotBlank", "jakarta.validation.constraints.NotNull", "jakarta.validation.constraints.Size", "java.time.Instant", "java.time.LocalDate"], "external_methods": [], "published": ["FlightCreateRequest"], "classes": [{"name": "FlightCreateRequest", "description": "A record representing the data needed to create a flight, with validation and schema annotations."}], "methods": [], "calls": [], "search-terms": ["FlightCreateRequest", "flight creation payload", "DTO", "validation constraints", "OpenAPI schema annotations", "local date", "Instant scheduledDeparture", "Instant scheduledArrival"], "state": 2, "file_id": 19, "knowledge_revision": 53, "git_revision": "1523a724bd4686ddad0ed6aefb260a2fbce17d55", "hash": "d64cc4842be88bf664a7437c64f811f3", "format-version": 4, "code-base-name": "flight_status_service", "filename": "flight_status_service/src/main/java/com/example/flightstatusservice/flights/dto/FlightCreateRequest.java", "revision_history": [{"53": "1523a724bd4686ddad0ed6aefb260a2fbce17d55"}]}