{"is_source_file": true, "format": "Java", "description": "A Spring Boot REST controller advice class providing centralized exception handling for validation errors, not found errors, conflict errors, framework exceptions, and generic exceptions in a flight status service platform.", "external_files": ["org.springframework.http.ResponseEntity", "org.springframework.web.bind.annotation.ExceptionHandler", "org.springframework.web.bind.annotation.RestControllerAdvice", "org.springframework.http.ProblemDetail", "jakarta.servlet.http.HttpServletRequest"], "external_methods": ["ResponseEntity.badRequest()", "ResponseEntity.status()", "HttpStatus.BAD_REQUEST.value()", "HttpStatus.NOT_FOUND.value()", "HttpStatus.CONFLICT.value()", "HttpStatus.INTERNAL_SERVER_ERROR.value()"], "published": ["GlobalExceptionHandler"], "classes": [{"name": "GlobalExceptionHandler", "description": "A controller advice class handling various exceptions globally within the application, returning standardized API error responses."}], "methods": [{"name": "handleValidation", "description": "Handles validation exceptions caused by invalid method arguments, returning detailed validation error information."}, {"name": "handleNotFound", "description": "Handles custom not found exceptions, returning a 404 error response."}, {"name": "handleConflict", "description": "Handles conflict exceptions, returning a 409 error response."}, {"name": "handleSpringErrorResponse", "description": "Handles framework-specific error response exceptions, preserving the original ProblemDetail."}, {"name": "handleOther", "description": "Handles all other uncaught exceptions, returning a generic 500 error response."}, {"name": "messageForFieldError", "description": "Utility method for generating default validation error messages."}], "calls": ["ResponseEntity.badRequest()", "ResponseEntity.status()", "HttpStatus.BAD_REQUEST.value()", "HttpStatus.NOT_FOUND.value()", "HttpStatus.CONFLICT.value()", "HttpStatus.INTERNAL_SERVER_ERROR.value()"], "search-terms": ["GlobalExceptionHandler", "Central exception handling", "Spring Boot", "RestControllerAdvice", "API error responses", "Validation errors", "NotFoundException", "ConflictException", "ErrorResponseException"], "state": 2, "file_id": 18, "knowledge_revision": 52, "git_revision": "1523a724bd4686ddad0ed6aefb260a2fbce17d55", "hash": "f8dfd6c3fc747e418e3f062c6595c379", "format-version": 4, "code-base-name": "flight_status_service", "filename": "flight_status_service/src/main/java/com/example/flightstatusservice/api/GlobalExceptionHandler.java", "revision_history": [{"52": "1523a724bd4686ddad0ed6aefb260a2fbce17d55"}]}