{"is_source_file": true, "format": "Java", "description": "This file defines a JPA entity class GateEntity that maps to the 'gates' database table, providing properties and accessors for gate information in the flight status service platform.", "external_files": ["jakarta.persistence.Column", "jakarta.persistence.Entity", "jakarta.persistence.Id", "jakarta.persistence.Table", "java.time.Instant", "java.util.UUID"], "external_methods": [], "published": ["getId", "getGateCode", "getTerminal", "isActive", "getCreatedAt", "getUpdatedAt", "setId", "setGateCode", "setTerminal", "setActive", "setCreatedAt", "setUpdatedAt"], "classes": [{"name": "GateEntity", "description": "JPA entity mapping for the 'gates' database table, representing a gate with properties like ID, code, terminal, status, and timestamps."}], "methods": [{"name": "GateEntity", "description": "Protected default constructor for JPA framework initialization."}], "calls": [], "search-terms": ["GateEntity", "gates table", "UUID", "Active gate", "terminal", "JPA entity"], "state": 2, "file_id": 10, "knowledge_revision": 44, "git_revision": "", "hash": "f0277105221b3ee9f60422e1cc9f1039", "format-version": 4, "code-base-name": "flight_status_service", "filename": "flight_status_service/src/main/java/com/example/flightstatusservice/gates/GateEntity.java", "revision_history": [{"44": ""}]}