{"is_source_file": false, "format": null, "description": null, "external_files": [], "external_methods": [], "published": [], "classes": [], "methods": [], "calls": [], "search-terms": [], "state": 2, "file_id": 5, "knowledge_revision": 54, "git_revision": "1523a724bd4686ddad0ed6aefb260a2fbce17d55", "hash": "ec52c22fb5ac3f369b3de7963e51cd0b", "format-version": 4, "code-base-name": "flight_status_service", "filename": "flight_status_service/build.gradle", "revision_history": [{"54": "1523a724bd4686ddad0ed6aefb260a2fbce17d55"}]}