{"is_source_file": true, "format": "Java", "description": "This file defines a JPA entity class `BaggageBeltEntity` mapping to the `baggage_belts` database table, representing baggage belt information with fields such as id, beltCode, terminal, active status, createdAt, and updatedAt.", "external_files": ["jakarta.persistence.Column", "jakarta.persistence.Entity", "jakarta.persistence.Id", "jakarta.persistence.Table"], "external_methods": [], "published": ["com.example.flightstatusservice.baggage.BaggageBeltEntity"], "classes": [{"name": "BaggageBeltEntity", "description": "JPA entity for the `baggage_belts` table, with fields for id, beltCode, terminal, active status, createdAt, and updatedAt, including getters and setters."}], "methods": [{"name": "getId", "description": "Returns the UUID of the baggage belt"}, {"name": "getBeltCode", "description": "Returns the belt code as a String"}, {"name": "getTerminal", "description": "Returns the terminal identifier as a String"}, {"name": "isActive", "description": "Returns whether the belt is active"}, {"name": "getCreatedAt", "description": "Returns the creation timestamp"}, {"name": "getUpdatedAt", "description": "Returns the last update timestamp"}, {"name": "setId", "description": "Sets the UUID for the baggage belt"}, {"name": "setBeltCode", "description": "Sets the belt code"}, {"name": "setTerminal", "description": "Sets the terminal identifier"}, {"name": "setActive", "description": "Sets the active status"}, {"name": "setCreatedAt", "description": "Sets the creation timestamp"}, {"name": "setUpdatedAt", "description": "Sets the last update timestamp"}], "calls": [], "search-terms": ["BaggageBeltEntity", "baggage_belts", "UUID", "beltCode", "terminal", "active", "createdAt", "updatedAt"], "state": 2, "file_id": 11, "knowledge_revision": 45, "git_revision": "1523a724bd4686ddad0ed6aefb260a2fbce17d55", "hash": "362b7498b4420c73d45e50727c730fbb", "format-version": 4, "code-base-name": "flight_status_service", "filename": "flight_status_service/src/main/java/com/example/flightstatusservice/baggage/BaggageBeltEntity.java", "revision_history": [{"45": "1523a724bd4686ddad0ed6aefb260a2fbce17d55"}]}