{"is_source_file": false, "format": "", "description": "", "external_files": [], "external_methods": [], "published": [], "classes": [], "methods": [], "calls": [], "search-terms": [], "state": 2, "file_id": 8, "knowledge_revision": 21, "git_revision": "", "hash": "e293ef412254a8f9fd5b21253fb6ce74", "format-version": 4, "code-base-name": "flight_status_service", "filename": "flight_status_service/src/main/resources/db/migration/V3__flight_status_service_tables.sql", "revision_history": [{"21": ""}]}