{"is_source_file": true, "format": "Java", "description": "This file defines the 'GateController' class, which provides REST API endpoints for managing airport gates such as creating, retrieving, listing, updating, and deleting gates.", "external_files": ["com.example.flightstatusservice.api.ConflictException", "com.example.flightstatusservice.api.NotFoundException", "com.example.flightstatusservice.gates.dto.GateCreateRequest", "com.example.flightstatusservice.gates.dto.GateResponse", "com.example.flightstatusservice.gates.dto.GateUpdateRequest", "org.springframework.web.bind.annotation.*", "org.springframework.http.HttpStatus", "io.swagger.v3.oas.annotations.Operation", "io.swagger.v3.oas.annotations.tags.Tag", "jakarta.validation.Valid", "java.util.List", "java.util.UUID"], "external_methods": ["gateRepository.findByGateCode()", "gateRepository.save()", "gateRepository.findById()", "gateRepository.findAll()", "gateRepository.existsById()", "gateRepository.deleteById()", "toResponse()"], "published": ["create", "getById", "list", "update", "delete"], "classes": [{"name": "GateController", "description": "REST controller for managing airport gates with endpoints for create, read, update, delete and list operations."}], "methods": [{"name": "create", "description": "Handles POST requests to create a new gate, enforcing unique gateCode.", "parameters": ["GateCreateRequest request"], "return": "GateResponse"}, {"name": "getById", "description": "Handles GET requests to retrieve a gate by its UUID.", "parameters": ["UUID id"], "return": "GateResponse"}, {"name": "list", "description": "Handles GET requests to list all gates.", "parameters": [], "return": "List<GateResponse>"}, {"name": "update", "description": "Handles PUT requests to fully update an existing gate.", "parameters": ["UUID id", "GateUpdateRequest request"], "return": "GateResponse"}, {"name": "delete", "description": "Handles DELETE requests to remove a gate by its UUID.", "parameters": ["UUID id"], "return": "void"}], "calls": ["gateRepository.findByGateCode()", "gateRepository.save()", "gateRepository.findById()", "gateRepository.findAll()", "gateRepository.existsById()", "gateRepository.deleteById()", "toResponse()"], "search-terms": ["GateController", "CRUD endpoints for airport gates", "gateRepository", "create gate", "get gate by id", "list gates", "update gate", "delete gate"], "state": 2, "file_id": 29, "knowledge_revision": 65, "git_revision": "1523a724bd4686ddad0ed6aefb260a2fbce17d55", "hash": "9e86698797fc898a2a4f0763e35a83c8", "format-version": 4, "code-base-name": "flight_status_service", "filename": "flight_status_service/src/main/java/com/example/flightstatusservice/gates/GateController.java", "revision_history": [{"65": "1523a724bd4686ddad0ed6aefb260a2fbce17d55"}]}