{"is_source_file": true, "format": "Java", "description": "Defines a custom exception class ConflictException used to indicate violations of uniqueness or business constraints within the flight status service API.", "external_files": [], "external_methods": ["java.lang.RuntimeException super constructor"], "published": ["com.example.flightstatusservice.api.ConflictException"], "classes": [{"name": "ConflictException", "description": "Custom exception class extending RuntimeException to signal conflict errors in the API."}], "methods": [{"name": "ConflictException(String message)", "description": "Constructor that creates a new ConflictException with the specified detail message."}], "calls": ["super(String message)"], "search-terms": ["ConflictException", "uniqueness constraint", "business constraint", "api exception", "Java custom exception"], "state": 2, "file_id": 17, "knowledge_revision": 51, "git_revision": "1523a724bd4686ddad0ed6aefb260a2fbce17d55", "hash": "33f53fb7a0c6b2e1db547781fcf2e5f6", "format-version": 4, "code-base-name": "flight_status_service", "filename": "flight_status_service/src/main/java/com/example/flightstatusservice/api/ConflictException.java", "revision_history": [{"51": "1523a724bd4686ddad0ed6aefb260a2fbce17d55"}]}