{"is_source_file": false, "format": "", "description": "", "external_files": [], "external_methods": [], "published": [], "classes": [], "methods": [], "calls": [], "search-terms": [], "state": 2, "file_id": 5, "knowledge_revision": 18, "git_revision": "c9d6c4916f6e489d19501a542245727221f687c1", "hash": "8aa80f0ceba977c030af85c96d8d6617", "format-version": 4, "code-base-name": "flight_status_service", "filename": "flight_status_service/build.gradle", "revision_history": [{"18": "c9d6c4916f6e489d19501a542245727221f687c1"}]}