{"is_source_file": false, "format": "", "description": "", "external_files": [], "external_methods": [], "published": [], "classes": [], "methods": [], "calls": [], "search-terms": [], "state": 2, "file_id": 32, "knowledge_revision": 68, "git_revision": "1523a724bd4686ddad0ed6aefb260a2fbce17d55", "hash": "5b5c72e39e2ec32cdc544e2a9f39a4e7", "format-version": 4, "code-base-name": "flight_status_service", "filename": "flight_status_service/config/checkstyle/checkstyle.xml", "revision_history": [{"68": "1523a724bd4686ddad0ed6aefb260a2fbce17d55"}]}