{"is_source_file": true, "format": "Java", "description": "This file defines a Java record class named BaggageBeltUpdateRequest used as a data transfer object for updating baggage belt information in the system.", "external_files": ["io.swagger.v3.oas.annotations.media.Schema", "jakarta.validation.constraints.NotBlank", "jakarta.validation.constraints.Size"], "external_methods": [], "published": ["BaggageBeltUpdateRequest"], "classes": [{"name": "BaggageBeltUpdateRequest", "description": "A Java record class representing a request to update baggage belt details, including belt code, terminal, and active status."}], "methods": [], "calls": [], "search-terms": ["BaggageBeltUpdateRequest", "DTO", "Java record", "baggage", "belt", "update"], "state": 2, "file_id": 26, "knowledge_revision": 62, "git_revision": "1523a724bd4686ddad0ed6aefb260a2fbce17d55", "hash": "d0f8d5370af803f3806c565b9b942263", "format-version": 4, "code-base-name": "flight_status_service", "filename": "flight_status_service/src/main/java/com/example/flightstatusservice/baggage/dto/BaggageBeltUpdateRequest.java", "revision_history": [{"62": "1523a724bd4686ddad0ed6aefb260a2fbce17d55"}]}