{"is_source_file": true, "format": "Java", "description": "Java record defining the FlightResponse data transfer object (DTO) for flight status responses, with fields for flight details and timestamps.", "external_files": ["io.swagger.v3.oas.annotations.media.Schema", "java.time.Instant", "java.time.LocalDate", "java.util.UUID"], "external_methods": [], "published": ["FlightResponse"], "classes": [{"name": "FlightResponse", "description": "A Java record representing the response payload for flight information, including flight identifiers, times, and locations."}], "methods": [], "calls": [], "search-terms": ["FlightResponse", "DTO", "flight status", "flightDate", "scheduledDeparture", "scheduledArrival"], "state": 2, "file_id": 21, "knowledge_revision": 57, "git_revision": "1523a724bd4686ddad0ed6aefb260a2fbce17d55", "hash": "b14e866072d6ba6b7b8c3b7b80f2e23f", "format-version": 4, "code-base-name": "flight_status_service", "filename": "flight_status_service/src/main/java/com/example/flightstatusservice/flights/dto/FlightResponse.java", "revision_history": [{"57": "1523a724bd4686ddad0ed6aefb260a2fbce17d55"}]}