{"is_source_file": true, "format": "Java", "description": "This file defines a Java interface GateRepository that extends JpaRepository for managing GateEntity objects in a Spring Data JPA context. It includes a custom method to find gates by their gate code.", "external_files": ["org.springframework.data.jpa.repository.JpaRepository"], "external_methods": ["findByGateCode(String gateCode)"], "published": ["GateRepository"], "classes": [{"name": "GateRepository", "description": "A Spring Data JPA repository interface for accessing GateEntity objects from the database, with a custom finder method based on gate code."}], "methods": [{"name": "findByGateCode", "description": "Retrieves an Optional containing the GateEntity with the specified gate code, or empty if not found."}], "calls": ["JpaRepository.findAll", "JpaRepository.save", "JpaRepository.delete", "findByGateCode"], "search-terms": ["GateRepository", "JpaRepository", "gate code", "GateEntity", "findByGateCode"], "state": 2, "file_id": 13, "knowledge_revision": 47, "git_revision": "1523a724bd4686ddad0ed6aefb260a2fbce17d55", "hash": "35511551a0bb034e2b38e86e796bcbcd", "format-version": 4, "code-base-name": "flight_status_service", "filename": "flight_status_service/src/main/java/com/example/flightstatusservice/gates/GateRepository.java", "revision_history": [{"47": "1523a724bd4686ddad0ed6aefb260a2fbce17d55"}]}