{"is_source_file": true, "format": "Java", "description": "This file defines the FlightEntity class, a JPA entity mapping for the 'flights' database table, including fields for flight details and timestamps, along with getter and setter methods.", "external_files": ["jakarta.persistence.Column", "jakarta.persistence.Entity", "jakarta.persistence.Id", "jakarta.persistence.Table"], "external_methods": [], "published": ["getId", "getAirlineCode", "getFlightNumber", "getFlightDate", "getOriginAirport", "getDestinationAirport", "getScheduledDeparture", "getScheduledArrival", "getCreatedAt", "getUpdatedAt", "setId", "setAirlineCode", "setFlightNumber", "setFlightDate", "setOriginAirport", "setDestinationAirport", "setScheduledDeparture", "setScheduledArrival", "setCreatedAt", "setUpdatedAt"], "classes": [{"name": "FlightEntity", "description": "JPA entity representing a flight record with fields for flight details, timestamps, and associated getter/setter methods."}], "methods": [{"name": "getId", "description": "Returns the flight's UUID identifier."}, {"name": "getAirlineCode", "description": "Returns the airline code."}, {"name": "getFlightNumber", "description": "Returns the flight number."}, {"name": "getFlightDate", "description": "Returns the date of the flight."}, {"name": "getOriginAirport", "description": "Returns the origin airport code."}, {"name": "getDestinationAirport", "description": "Returns the destination airport code."}, {"name": "getScheduledDeparture", "description": "Returns the scheduled departure time."}, {"name": "getScheduledArrival", "description": "Returns the scheduled arrival time."}, {"name": "getCreatedAt", "description": "Returns the timestamp when the record was created."}, {"name": "getUpdatedAt", "description": "Returns the timestamp when the record was last updated."}, {"name": "setId", "description": "Sets the flight's UUID identifier."}, {"name": "setAirlineCode", "description": "Sets the airline code."}, {"name": "setFlightNumber", "description": "Sets the flight number."}, {"name": "setFlightDate", "description": "Sets the date of the flight."}, {"name": "setOriginAirport", "description": "Sets the origin airport code."}, {"name": "setDestinationAirport", "description": "Sets the destination airport code."}, {"name": "setScheduledDeparture", "description": "Sets the scheduled departure time."}, {"name": "setScheduledArrival", "description": "Sets the scheduled arrival time."}, {"name": "setCreatedAt", "description": "Sets the creation timestamp."}, {"name": "setUpdatedAt", "description": "Sets the last updated timestamp."}], "calls": [], "search-terms": ["FlightEntity", "JPA entity", "flights table", "UUID", "scheduledDeparture", "scheduledArrival"], "state": 2, "file_id": 9, "knowledge_revision": 43, "git_revision": "", "hash": "7cd1ab553d01a0c01fd5e00629720b0b", "format-version": 4, "code-base-name": "flight_status_service", "filename": "flight_status_service/src/main/java/com/example/flightstatusservice/flights/FlightEntity.java", "revision_history": [{"43": ""}]}