{"is_source_file": true, "format": "Java", "description": "This file defines a Java record named BaggageBeltResponse representing the response payload for baggage belt information in a flight status service. It includes metadata annotations for API documentation.", "external_files": ["io.swagger.v3.oas.annotations.media.Schema", "java.time.Instant", "java.util.UUID"], "external_methods": [], "published": ["BaggageBeltResponse"], "classes": [{"name": "BaggageBeltResponse", "description": "A Java record serving as a data transfer object (DTO) for baggage belt response information, including id, beltCode, terminal, active status, createdAt, and updatedAt timestamps."}], "methods": [], "calls": [], "search-terms": ["BaggageBeltResponse", "DTO", "Java record", "baggage", "response payload", "Swagger Schema"], "state": 2, "file_id": 27, "knowledge_revision": 63, "git_revision": "1523a724bd4686ddad0ed6aefb260a2fbce17d55", "hash": "2911c817533645d9c9c84f55aae98b2f", "format-version": 4, "code-base-name": "flight_status_service", "filename": "flight_status_service/src/main/java/com/example/flightstatusservice/baggage/dto/BaggageBeltResponse.java", "revision_history": [{"63": "1523a724bd4686ddad0ed6aefb260a2fbce17d55"}]}