{"is_source_file": false, "format": "", "description": "", "external_files": [], "external_methods": [], "published": [], "classes": [], "methods": [], "calls": [], "search-terms": [], "state": 2, "file_id": 4, "knowledge_revision": 9, "git_revision": "410607373a90becd2679c1cfeccbd69aac2b5009", "hash": "72d9a339bf38f4437204dfee67fa482c", "format-version": 4, "code-base-name": "flight_status_service", "filename": "flight_status_service/settings.gradle", "revision_history": [{"9": "410607373a90becd2679c1cfeccbd69aac2b5009"}]}