{"is_source_file": true, "format": "Java", "description": "This file defines the BaggageBeltController class, a REST controller in a Spring Boot application that handles CRUD operations for baggage belts. It includes endpoints for creating, retrieving, updating, listing, and deleting baggage belt entities, utilizing various DTOs and a repository for persistence.", "external_files": ["com/example/flightstatusservice/api/ConflictException.java", "com/example/flightstatusservice/api/NotFoundException.java", "com/example/flightstatusservice/baggage/dto/BaggageBeltCreateRequest.java", "com/example/flightstatusservice/baggage/dto/BaggageBeltResponse.java", "com/example/flightstatusservice/baggage/dto/BaggageBeltUpdateRequest.java", "org/springframework/web/bind/annotation/RestController.java", "org/springframework/web/bind/annotation/RequestMapping.java", "io/swagger/v3/oas/annotations/Operation.java", "org/springframework/web/bind/annotation/PostMapping.java", "org/springframework/web/bind/annotation/ResponseStatus.java", "org/springframework/http/HttpStatus.java", "org/springframework/web/bind/annotation/GetMapping.java", "org/springframework/web/bind/annotation/PutMapping.java", "org/springframework/web/bind/annotation/DeleteMapping.java", "org/springframework/web/bind/annotation/PathVariable.java", "org/springframework/web/bind/annotation/RequestBody.java", "org/springframework/web/bind/annotation/Valid.java", "java.util.UUID.java", "java.util.List.java"], "external_methods": ["baggageBeltRepository.findByBeltCode", "baggageBeltRepository.findById", "baggageBeltRepository.findAll", "baggageBeltRepository.save", "baggageBeltRepository.existsById", "baggageBeltRepository.deleteById"], "published": ["com.example.flightstatusservice.baggage.BaggageBeltController"], "classes": [{"name": "BaggageBeltController", "description": "A REST controller managing CRUD operations for baggage belts, including create, read, update, delete, and list functionalities, utilizing a repository and DTOs for data handling."}], "methods": [{"name": "create", "description": "Creates a new baggage belt after validating uniqueness of beltCode; returns the created baggage belt response."}, {"name": "getById", "description": "Retrieves a baggage belt by its UUID, throws NotFoundException if not found."}, {"name": "list", "description": "Returns a list of all baggage belts."}, {"name": "update", "description": "Performs a full update on an existing baggage belt, ensuring beltCode uniqueness."}, {"name": "delete", "description": "Deletes a baggage belt by its UUID, throws NotFoundException if not found."}, {"name": "toResponse", "description": "Converts a BaggageBeltEntity to its response DTO."}], "calls": ["baggageBeltRepository.findByBeltCode", "baggageBeltRepository.findById", "baggageBeltRepository.findAll", "baggageBeltRepository.save", "baggageBeltRepository.existsById", "baggageBeltRepository.deleteById"], "search-terms": ["BaggageBeltController", "baggage-belts", "CRUD endpoints", "baggage belt", "baggageBeltRepository"], "state": 2, "file_id": 30, "knowledge_revision": 66, "git_revision": "1523a724bd4686ddad0ed6aefb260a2fbce17d55", "hash": "297d62a5370d9bcfc1170dbe75b87227", "format-version": 4, "code-base-name": "flight_status_service", "filename": "flight_status_service/src/main/java/com/example/flightstatusservice/baggage/BaggageBeltController.java", "revision_history": [{"66": "1523a724bd4686ddad0ed6aefb260a2fbce17d55"}]}