{"is_source_file": true, "format": "Java", "description": "This file defines a custom exception class 'NotFoundException' used to indicate that a requested resource was not found within the flight status service API.", "external_files": [], "external_methods": [], "published": ["com.example.flightstatusservice.api.NotFoundException"], "classes": [{"name": "NotFoundException", "description": "A custom runtime exception thrown when a resource is not found, extending RuntimeException."}], "methods": [{"name": "NotFoundException(String message)", "description": "Constructor that initializes the exception with a specific error message."}], "calls": [], "search-terms": ["NotFoundException", "RuntimeException", "resource not found", "custom exception"], "state": 2, "file_id": 16, "knowledge_revision": 50, "git_revision": "1523a724bd4686ddad0ed6aefb260a2fbce17d55", "hash": "aed2e218748ef659ba7179e839cd2795", "format-version": 4, "code-base-name": "flight_status_service", "filename": "flight_status_service/src/main/java/com/example/flightstatusservice/api/NotFoundException.java", "revision_history": [{"50": "1523a724bd4686ddad0ed6aefb260a2fbce17d55"}]}