{"is_source_file": true, "format": "Java", "description": "This file defines the FlightRepository interface that extends JpaRepository to perform database operations related to FlightEntity objects, including custom query methods based on airline code, flight number, and flight date.", "external_files": ["org.springframework.data.jpa.repository.JpaRepository"], "external_methods": [], "published": ["FlightRepository"], "classes": [{"name": "FlightRepository", "description": "Spring Data JPA repository interface for FlightEntity, providing CRUD operations and custom query methods."}], "methods": [{"name": "findByAirlineCodeAndFlightNumberAndFlightDate", "description": "Finds a FlightEntity based on airline code, flight number, and flight date."}, {"name": "findByFlightDate", "description": "Retrieves a list of FlightEntity objects scheduled on a specific date."}, {"name": "findByAirlineCodeAndFlightDate", "description": "Retrieves a list of FlightEntity objects for a specific airline on a given date."}], "calls": [], "search-terms": ["FlightRepository", "JpaRepository", "FlightEntity", "findByAirlineCodeAndFlightNumberAndFlightDate", "findByFlightDate", "findByAirlineCodeAndFlightDate"], "state": 2, "file_id": 12, "knowledge_revision": 46, "git_revision": "1523a724bd4686ddad0ed6aefb260a2fbce17d55", "hash": "d231b187f47e3448844e26caf249149f", "format-version": 4, "code-base-name": "flight_status_service", "filename": "flight_status_service/src/main/java/com/example/flightstatusservice/flights/FlightRepository.java", "revision_history": [{"46": "1523a724bd4686ddad0ed6aefb260a2fbce17d55"}]}