{"is_source_file": true, "format": "Java", "description": "This file defines a Java record for a create gate request payload in a flight status service, including validation and schema annotations.", "external_files": ["io.swagger.v3.oas.annotations.media.Schema", "jakarta.validation.constraints.NotBlank", "jakarta.validation.constraints.Size"], "external_methods": [], "published": ["GateCreateRequest"], "classes": [{"name": "GateCreateRequest", "description": "A Java record representing a request to create a gate, including gate code, terminal, and active status with validation constraints."}], "methods": [], "calls": [], "search-terms": ["GateCreateRequest", "java record", "flight status service", "gate", "DTO", "validation", "schema annotation"], "state": 2, "file_id": 22, "knowledge_revision": 58, "git_revision": "1523a724bd4686ddad0ed6aefb260a2fbce17d55", "hash": "5d8948774a28f18b66fd294f68f56c81", "format-version": 4, "code-base-name": "flight_status_service", "filename": "flight_status_service/src/main/java/com/example/flightstatusservice/gates/dto/GateCreateRequest.java", "revision_history": [{"58": "1523a724bd4686ddad0ed6aefb260a2fbce17d55"}]}