{"is_source_file": true, "format": "Java", "description": "This file contains a Spring Boot REST controller for managing flight entities within a flight status service platform. It includes endpoints for creating, retrieving, listing, updating, and deleting flights, with appropriate validation, error handling, and documentation annotations.", "external_files": ["com.example.flightstatusservice.api.ConflictException", "com.example.flightstatusservice.api.NotFoundException", "com.example.flightstatusservice.flights.dto.FlightCreateRequest", "com.example.flightstatusservice.flights.dto.FlightResponse", "com.example.flightstatusservice.flights.dto.FlightUpdateRequest", "org.springframework.web.bind.annotation.*", "org.springframework.http.HttpStatus", "io.swagger.v3.oas.annotations.Operation", "io.swagger.v3.oas.annotations.tags.Tag", "jakarta.validation.Valid", "java.time.Instant", "java.time.LocalDate", "java.util.List", "java.util.UUID", "org.springframework.format.annotation.DateTimeFormat"], "external_methods": ["flightRepository.findByAirlineCodeAndFlightNumberAndFlightDate", "flightRepository.findByAirlineCodeAndFlightDate", "flightRepository.findByFlightDate", "flightRepository.findAll", "flightRepository.findById", "flightRepository.save", "flightRepository.existsById", "FlightController.toResponse", "flightRepository.deleteById"], "published": ["create", "getById", "list", "update", "delete"], "classes": [{"name": "FlightController", "description": "A REST controller for handling CRUD operations and queries related to flight entities in the flight status service."}], "methods": [{"name": "create", "description": "Creates a new flight entry, enforcing uniqueness constraints, and returns a response object representing the created flight."}, {"name": "getById", "description": "Retrieves a flight by its UUID, throwing a NotFoundException if not found."}, {"name": "list", "description": "Lists flights based on optional filters: flightDate and airlineCode. If no filters are specified, returns all flights."}, {"name": "update", "description": "Performs a full update of a flight identified by UUID, checking for conflicts with existing flights."}, {"name": "delete", "description": "Deletes a flight by UUID, throwing NotFoundException if the flight does not exist."}, {"name": "toResponse", "description": "Converts a FlightEntity instance to a FlightResponse DTO for output."}], "calls": ["flightRepository.findByAirlineCodeAndFlightNumberAndFlightDate", "flightRepository.findByAirlineCodeAndFlightDate", "flightRepository.findByFlightDate", "flightRepository.findAll", "flightRepository.findById", "flightRepository.save", "flightRepository.existsById", "flightRepository.deleteById"], "search-terms": ["FlightController", "CRUD", "flights API", "FlightRepository", "Spring Boot REST", "flight creation", "flight retrieval", "flight update", "flight deletion", "FlightResponse"], "state": 2, "file_id": 28, "knowledge_revision": 64, "git_revision": "1523a724bd4686ddad0ed6aefb260a2fbce17d55", "hash": "a3b854fd0799d21075814434e12ea62e", "format-version": 4, "code-base-name": "flight_status_service", "filename": "flight_status_service/src/main/java/com/example/flightstatusservice/flights/FlightController.java", "revision_history": [{"64": "1523a724bd4686ddad0ed6aefb260a2fbce17d55"}]}