{"is_source_file": true, "format": "Java", "description": "Defines a Java record 'GateResponse' used as a Data Transfer Object (DTO) for gate response payloads in the flight status service.", "external_files": ["io.swagger.v3.oas.annotations.media.Schema", "java.time.Instant", "java.util.UUID"], "external_methods": [], "published": ["GateResponse"], "classes": [{"name": "GateResponse", "description": "A Java record representing the response payload for gate information, including fields such as id, gateCode, terminal, active, createdAt, and updatedAt."}], "methods": [], "calls": [], "search-terms": ["GateResponse", "DTO", "record", "flightstatusservice", "gates", "dto", "response"], "state": 2, "file_id": 24, "knowledge_revision": 60, "git_revision": "1523a724bd4686ddad0ed6aefb260a2fbce17d55", "hash": "1e8fea9b99e79f88af2ff17fce0809d8", "format-version": 4, "code-base-name": "flight_status_service", "filename": "flight_status_service/src/main/java/com/example/flightstatusservice/gates/dto/GateResponse.java", "revision_history": [{"60": "1523a724bd4686ddad0ed6aefb260a2fbce17d55"}]}