{"is_source_file": true, "format": "Java", "description": "This file defines a Java interface for the BaggageBeltRepository, which extends JpaRepository for BaggageBeltEntity objects, providing data access methods related to baggage belts, including a custom method to find a belt by its code.", "external_files": ["org.springframework.data.jpa.repository.JpaRepository", "java.util.Optional", "java.util.UUID"], "external_methods": ["findByBeltCode"], "published": ["BaggageBeltRepository"], "classes": [{"name": "BaggageBeltRepository", "description": "A repository interface providing persistence methods for BaggageBeltEntity objects, extending the JpaRepository to include CRUD operations and custom query methods."}], "methods": [{"name": "findByBeltCode", "description": "Retrieves an Optional containing the BaggageBeltEntity matching the provided beltCode, or an empty Optional if not found."}], "calls": [], "search-terms": ["BaggageBeltRepository", "JpaRepository", "findByBeltCode", "BaggageBeltEntity", "baggage", "repository", "Spring Data JPA"], "state": 2, "file_id": 14, "knowledge_revision": 48, "git_revision": "1523a724bd4686ddad0ed6aefb260a2fbce17d55", "hash": "e5274fdf499226573143cb9cf340494f", "format-version": 4, "code-base-name": "flight_status_service", "filename": "flight_status_service/src/main/java/com/example/flightstatusservice/baggage/BaggageBeltRepository.java", "revision_history": [{"48": "1523a724bd4686ddad0ed6aefb260a2fbce17d55"}]}