{"is_source_file": true, "format": "Java", "description": "This file defines a Java record named ApiError used for representing standard error responses in a flight status service API. It includes fields such as timestamp, status code, error message, message details, request path, and a list of field violations. It also contains an inner record 'FieldViolation' to specify validation errors on specific fields.", "external_files": ["java.time.Instant", "java.util.List"], "external_methods": [], "published": ["ApiError", "ApiError.FieldViolation"], "classes": [{"name": "ApiError", "description": "A record representing a standardized error response for the API, encapsulating details about the error including timestamp, status, error message, request path, and field-level violations."}, {"name": "ApiError.FieldViolation", "description": "An inner record within ApiError that specifies validation failures on individual fields by storing the field name and associated error message."}], "methods": [], "calls": [], "search-terms": ["ApiError", "FieldViolation", "error response", "Java record", "flight status service"], "state": 2, "file_id": 15, "knowledge_revision": 49, "git_revision": "1523a724bd4686ddad0ed6aefb260a2fbce17d55", "hash": "3292108eb7373755730b0afc7f50dc22", "format-version": 4, "code-base-name": "flight_status_service", "filename": "flight_status_service/src/main/java/com/example/flightstatusservice/api/ApiError.java", "revision_history": [{"49": "1523a724bd4686ddad0ed6aefb260a2fbce17d55"}]}