{"is_source_file": true, "format": "Java", "description": "This Java class configures OpenAPI (Swagger) metadata for the flight status service API, providing API documentation details such as title, description, and version.", "external_files": ["io.swagger.v3.oas.models.OpenAPI", "io.swagger.v3.oas.models.info.Info", "org.springframework.context.annotation.Bean", "org.springframework.context.annotation.Configuration"], "external_methods": ["new OpenAPI()", "new Info()"], "published": ["flightStatusServiceOpenApi"], "classes": [{"name": "OpenApiConfig", "description": "Configuration class that sets up OpenAPI/Swagger metadata for API documentation."}], "methods": [{"name": "flightStatusServiceOpenApi", "description": "Creates and configures the OpenAPI object with metadata for the API."}], "calls": ["new OpenAPI()", "new Info()"], "search-terms": ["OpenApiConfig", "swagger", "OpenAPI", "API documentation", "configuration", "Spring", "API metadata"], "state": 2, "file_id": 31, "knowledge_revision": 67, "git_revision": "1523a724bd4686ddad0ed6aefb260a2fbce17d55", "hash": "0849d325dd9bb72857467e737f1d3050", "format-version": 4, "code-base-name": "flight_status_service", "filename": "flight_status_service/src/main/java/com/example/flightstatusservice/api/OpenApiConfig.java", "revision_history": [{"67": "1523a724bd4686ddad0ed6aefb260a2fbce17d55"}]}