{"is_source_file": false, "format": "", "description": "", "external_files": [], "external_methods": [], "published": [], "classes": [], "methods": [], "calls": [], "search-terms": [], "state": 2, "file_id": 6, "knowledge_revision": 15, "git_revision": "c9d6c4916f6e489d19501a542245727221f687c1", "hash": "67765033d99179eae58057dcde1b95d2", "format-version": 4, "code-base-name": "flight_status_service", "filename": "flight_status_service/src/main/resources/db/migration/V1__init_schema.sql", "revision_history": [{"15": "c9d6c4916f6e489d19501a542245727221f687c1"}]}