{"is_source_file": true, "format": "Java", "description": "This is a Java source file defining a record named GateUpdateRequest used for updating gate information in the flight status service platform.", "external_files": ["io.swagger.v3.oas.annotations.media.Schema", "jakarta.validation.constraints.NotBlank", "jakarta.validation.constraints.Size"], "external_methods": [], "published": ["GateUpdateRequest"], "classes": [{"name": "GateUpdateRequest", "description": "A Java record representing a request payload to update gate details, including gate code, terminal, and active status."}], "methods": [], "calls": [], "search-terms": ["GateUpdateRequest", "dto", "flight status service", "gate", "update request", "Java record", "validation annotations"], "state": 2, "file_id": 23, "knowledge_revision": 59, "git_revision": "1523a724bd4686ddad0ed6aefb260a2fbce17d55", "hash": "7991416db2bb1381e5a435f2b73bf233", "format-version": 4, "code-base-name": "flight_status_service", "filename": "flight_status_service/src/main/java/com/example/flightstatusservice/gates/dto/GateUpdateRequest.java", "revision_history": [{"59": "1523a724bd4686ddad0ed6aefb260a2fbce17d55"}]}