{"is_source_file": true, "format": "Java", "description": "This file defines a Java record class 'FlightUpdateRequest' in the package 'com.example.flightstatusservice.flights.dto'. It serves as a data transfer object (DTO) for updating flight details, including fields like airline code, flight number, flight date, origin and destination airports, and scheduled departure and arrival times. It utilizes validation annotations and Swagger schema annotations.", "external_files": ["io.swagger.v3.oas.annotations.media.Schema", "jakarta.validation.constraints.NotBlank", "jakarta.validation.constraints.NotNull", "jakarta.validation.constraints.Size", "java.time.Instant", "java.time.LocalDate"], "external_methods": [], "published": ["FlightUpdateRequest"], "classes": [{"name": "FlightUpdateRequest", "description": "A record used to encapsulate data for updating flight information, with validation constraints and schema annotations."}], "methods": [], "calls": [], "search-terms": ["FlightUpdateRequest", "DTO", "flight status update", "flight update payload", "Java record", "validation annotations", "Swagger schema"], "state": 2, "file_id": 20, "knowledge_revision": 56, "git_revision": "1523a724bd4686ddad0ed6aefb260a2fbce17d55", "hash": "0bdc009368819a747e71137080571cdb", "format-version": 4, "code-base-name": "flight_status_service", "filename": "flight_status_service/src/main/java/com/example/flightstatusservice/flights/dto/FlightUpdateRequest.java", "revision_history": [{"56": "1523a724bd4686ddad0ed6aefb260a2fbce17d55"}]}