{"is_source_file": true, "format": "Java", "description": "This is the main application class for the Flight Status Service platform, using Spring Boot. It contains the main method to bootstrap the application.", "external_files": ["org.springframework.boot.SpringApplication", "org.springframework.boot.autoconfigure.SpringBootApplication"], "external_methods": ["SpringApplication.run"], "published": ["com.example.flightstatusservice.flightstatusserviceApplication"], "classes": [{"name": "flightstatusserviceApplication", "description": "Main class annotated with @SpringBootApplication to bootstrap the Spring Boot application."}], "methods": [{"name": "main", "description": "Entry point of the application, starts the Spring Boot runtime."}], "calls": ["SpringApplication.run"], "search-terms": ["Spring Boot", "Main application class", "flight status service", "Java", "Application bootstrap"], "state": 2, "file_id": 3, "knowledge_revision": 10, "git_revision": "410607373a90becd2679c1cfeccbd69aac2b5009", "hash": "f21eb9563f93f52ef444f8afcd801c22", "format-version": 4, "code-base-name": "flight_status_service", "filename": "flight_status_service/src/main/java/com/example/demo/flightstatusserviceApplication.java", "revision_history": [{"10": "410607373a90becd2679c1cfeccbd69aac2b5009"}]}