{"is_source_file": false, "format": "", "description": "", "external_files": [], "external_methods": [], "published": [], "classes": [], "methods": [], "calls": [], "search-terms": [], "state": 2, "file_id": 7, "knowledge_revision": 16, "git_revision": "c9d6c4916f6e489d19501a542245727221f687c1", "hash": "8fac8cedd60a45b85685f5367d325a81", "format-version": 4, "code-base-name": "flight_status_service", "filename": "flight_status_service/src/main/resources/db/migration/V2__seed_data.sql", "revision_history": [{"16": "c9d6c4916f6e489d19501a542245727221f687c1"}]}