{"is_source_file": true, "format": "Java", "description": "This Java class defines a REST controller named HelloController that provides basic endpoints for the flightstatusservice application, including a welcome message, redirect to Swagger UI documentation, health check, and application info.", "external_files": ["io.swagger.v3.oas.annotations.Operation", "io.swagger.v3.oas.annotations.tags.Tag", "jakarta.servlet.http.HttpServletRequest", "org.springframework.http.server.ServletServerHttpRequest", "org.springframework.web.bind.annotation.GetMapping", "org.springframework.web.bind.annotation.RestController", "org.springframework.web.servlet.view.RedirectView", "org.springframework.web.util.UriComponentsBuilder"], "external_methods": ["UriComponentsBuilder.fromHttpRequest", "ServletServerHttpRequest", "RedirectView.setHttp10Compatible"], "published": ["hello", "docs", "health", "info"], "classes": [{"name": "HelloController", "description": "A REST controller providing basic endpoints for the flight status service, including greeting, documentation redirect, health check, and info endpoints."}], "methods": [{"name": "hello", "description": "Returns a welcome message for the flightstatusservice."}, {"name": "docs", "description": "Redirects the client to the Swagger UI documentation page, preserving the original request's scheme, host, and port."}, {"name": "health", "description": "Responds with 'OK' indicating the application's health status."}, {"name": "info", "description": "Returns information about the application."}], "calls": ["UriComponentsBuilder.fromHttpRequest", "new ServletServerHttpRequest", "rv.setHttp10Compatible"], "search-terms": ["HelloController", "Swagger UI redirect", "Health endpoint", "Spring Boot basic endpoints", "Welcome endpoint"], "state": 2, "file_id": 2, "knowledge_revision": 11, "git_revision": "410607373a90becd2679c1cfeccbd69aac2b5009", "hash": "5ae5e6ff4d43df8c65a09d9098073375", "format-version": 4, "code-base-name": "flight_status_service", "filename": "flight_status_service/src/main/java/com/example/demo/HelloController.java", "revision_history": [{"11": "410607373a90becd2679c1cfeccbd69aac2b5009"}]}