{"is_source_file": false, "format": "", "description": "", "external_files": [], "external_methods": [], "published": [], "classes": [], "methods": [], "calls": [], "search-terms": [], "state": 2, "file_id": 5, "knowledge_revision": 14, "git_revision": "c9d6c4916f6e489d19501a542245727221f687c1", "hash": "b1bbd4c858fc3933c9703ce75ccf57e9", "format-version": 4, "code-base-name": "flight_status_service", "filename": "flight_status_service/build.gradle", "revision_history": [{"14": "c9d6c4916f6e489d19501a542245727221f687c1"}]}