{"is_source_file": false, "format": "", "description": "", "external_files": [], "external_methods": [], "published": [], "classes": [], "methods": [], "calls": [], "search-terms": [], "state": 2, "file_id": 5, "knowledge_revision": 8, "git_revision": "410607373a90becd2679c1cfeccbd69aac2b5009", "hash": "85f99a36547793e6415556caf5b3a379", "format-version": 4, "code-base-name": "flight_status_service", "filename": "flight_status_service/build.gradle", "revision_history": [{"8": "410607373a90becd2679c1cfeccbd69aac2b5009"}]}