{"is_source_file": true, "format": "Java", "description": "This file defines a Java record class 'BaggageBeltCreateRequest' used as a data transfer object for creating baggage belt requests, including validation annotations and Swagger schema annotations.", "external_files": ["io/swagger/v3/oas/annotations/media/Schema", "jakarta/validation/constraints/NotBlank", "jakarta/validation/constraints/Size"], "external_methods": [], "published": ["com.example.flightstatusservice.baggage.dto.BaggageBeltCreateRequest"], "classes": [{"name": "BaggageBeltCreateRequest", "description": "A record class representing the create request payload for a baggage belt, including belt code, terminal, and active status."}], "methods": [], "calls": [], "search-terms": ["BaggageBeltCreateRequest", "baggage", "dto", "record", "create request", "validation", "Swagger schema"], "state": 2, "file_id": 25, "knowledge_revision": 61, "git_revision": "1523a724bd4686ddad0ed6aefb260a2fbce17d55", "hash": "9e5b404518be02e73fa7c045a2f8a829", "format-version": 4, "code-base-name": "flight_status_service", "filename": "flight_status_service/src/main/java/com/example/flightstatusservice/baggage/dto/BaggageBeltCreateRequest.java", "revision_history": [{"61": "1523a724bd4686ddad0ed6aefb260a2fbce17d55"}]}