{"is_source_file": false, "format": "", "description": "", "external_files": [], "external_methods": [], "published": [], "classes": [], "methods": [], "calls": [], "search-terms": [], "state": 2, "file_id": 1, "knowledge_revision": 7, "git_revision": "3bba05186965610e2126c7de7713554e0b1874e2", "hash": "e99be3e855c19be3f10be756b3e9e130", "format-version": 4, "code-base-name": "flight_status_service", "filename": "README.md", "revision_history": [{"7": "3bba05186965610e2126c7de7713554e0b1874e2"}]}